id,first_name,last_name,email,gender,ip_address
1,Mayne,Golby,mgolby0@tinypic.com,Male,77.159.154.40
2,Tito,Assender,tassender1@dropbox.com,Male,80.68.173.132
3,Michail,Fidgin,mfidgin2@alibaba.com,Male,239.196.86.189
4,Romeo,Bunford,rbunford3@hibu.com,Male,197.91.173.74
5,Tisha,Wittier,twittier4@constantcontact.com,Female,133.45.46.161
6,Gwennie,Oldland,goldland5@bloglovin.com,Female,44.96.85.209
7,Sumner,Beckers,sbeckers6@europa.eu,Male,
8,Kristian,Arrundale,karrundale7@skyrock.com,Male,204.107.21.42
9,Maryellen,Swash,mswash8@google.nl,Female,50.70.77.252
10,Doralyn,Philippou,dphilippou9@irs.gov,Genderqueer,95.179.150.39
11,Trumaine,Loveguard,tloveguarda@cnet.com,,144.48.200.244
12,Gisela,Ivanov,givanovb@opensource.org,Female,119.40.222.242
13,Teriann,Ecclesall,tecclesallc@mozilla.org,Female,164.195.115.164
14,Seka,Ricardou,sricardoud@github.com,Female,146.93.247.15
15,Mikol,Crossingham,mcrossinghame@github.io,,243.38.128.72
16,Loren,Paddingdon,lpaddingdonf@ihg.com,Male,193.233.210.65
17,Dale,Oliver,doliverg@ox.ac.uk,Agender,188.150.85.145
18,Gwyn,Pyford,gpyfordh@independent.co.uk,Female,98.120.164.200
19,Letta,Menico,lmenicoi@360.cn,Female,160.16.171.140
20,Ricardo,Billson,rbillsonj@reuters.com,Male,
21,Esme,Sherville,eshervillek@vimeo.com,Male,98.98.207.77
22,Allie,Jory,ajoryl@amazon.co.uk,Male,213.28.214.72
23,Winnifred,Chessman,wchessmanm@bluehost.com,Female,81.229.5.8
24,Durward,Lewry,dlewryn@edublogs.org,Male,
25,Marthe,Edgworth,medgwortho@elpais.com,Female,66.124.155.95
26,Stormy,Bucktharp,sbucktharpp@purevolume.com,Non-binary,237.234.173.175
27,Whit,Cortnay,wcortnayq@intel.com,Male,252.100.94.188
28,Urson,Alexsandrev,ualexsandrevr@disqus.com,Male,30.153.26.98
29,Lurlene,Clews,lclewss@columbia.edu,Female,55.115.53.59
30,Rudie,Pett,rpettt@wikia.com,Male,
31,Pincus,Balderston,pbalderstonu@slideshare.net,Male,16.246.162.52
32,Corrie,Alvey,calveyv@alibaba.com,Male,129.223.6.229
33,Alexei,Kinahan,akinahanw@istockphoto.com,Male,210.40.184.230
34,Harry,Marco,hmarcox@amazonaws.com,Non-binary,221.57.39.85
35,Gretna,Longo,glongoy@instagram.com,Female,25.216.47.147
36,Vaclav,Lackeye,vlackeyez@kickstarter.com,Male,110.44.21.13
37,Anne-corinne,Okeshott,aokeshott10@mysql.com,Female,55.246.170.29
38,Alric,Lennarde,alennarde11@dmoz.org,Male,121.219.133.152
39,Ana,Fiddian,afiddian12@desdev.cn,Female,48.114.147.133
40,Eve,Schulter,eschulter13@wix.com,Female,139.215.29.126
41,Mara,Cornock,mcornock14@webnode.com,Female,
42,Cyrille,Mill,cmill15@hostgator.com,Genderfluid,
43,Job,Wheatland,jwheatland16@cafepress.com,Male,25.166.37.244
44,Derk,Whysall,dwhysall17@instagram.com,Male,14.96.24.193
45,Horton,Hay,hhay18@jalbum.net,Male,10.171.62.224
46,Andra,Yakobowitch,ayakobowitch19@fastcompany.com,Female,44.246.132.230
47,Dodi,Goranov,dgoranov1a@home.pl,Female,144.227.212.255
48,Dareen,McGonigal,dmcgonigal1b@google.fr,Female,233.138.1.15
49,Kerry,Mewett,kmewett1c@nationalgeographic.com,Male,115.189.194.128
50,Luther,Molson,lmolson1d@360.cn,Male,170.215.28.197
51,Urbain,Sievewright,usievewright1e@cyberchimps.com,Male,197.212.68.117
52,Riannon,Haggish,rhaggish1f@wikimedia.org,Female,
53,Edin,Suett,esuett1g@google.nl,Female,75.62.208.147
54,Jaymie,Lillywhite,jlillywhite1h@google.nl,Male,
55,Jennie,Bowes,jbowes1i@dropbox.com,Female,206.177.171.95
56,Dorey,Aistrop,daistrop1j@theatlantic.com,Female,127.179.142.52
57,Ericka,Boate,eboate1k@sfgate.com,Female,190.148.200.155
58,Elsie,Ions,eions1l@jimdo.com,Female,167.69.62.202
59,Trudey,Noone,tnoone1m@amazon.co.jp,Female,20.135.78.28
60,Adamo,Rustidge,arustidge1n@ehow.com,Male,44.159.177.78
61,Marybeth,Halling,mhalling1o@lycos.com,Female,
62,Kellia,Jordeson,kjordeson1p@nih.gov,Female,25.231.99.22
63,Andres,Chaise,achaise1q@51.la,Male,112.126.146.185
64,Ag,Foreman,aforeman1r@edublogs.org,Female,
65,Nanon,Biffin,nbiffin1s@pen.io,Female,41.127.78.190
66,Culver,Cutsforth,ccutsforth1t@tripadvisor.com,Male,212.217.237.220
67,Davy,Albert,dalbert1u@themeforest.net,Male,96.62.32.210
68,Glen,Felix,gfelix1v@spiegel.de,Male,69.221.196.99
69,Ferdie,VanBrugh,fvanbrugh1w@last.fm,Male,38.105.197.89
70,Halsey,Outridge,houtridge1x@elegantthemes.com,Male,52.72.40.63
71,Sergeant,Abbyss,sabbyss1y@yahoo.com,Male,94.153.123.184
72,Andee,Lanktree,alanktree1z@walmart.com,Genderfluid,228.109.25.172
73,Rusty,Sturdy,rsturdy20@umn.edu,Non-binary,18.18.231.183
74,Raff,McIlvoray,rmcilvoray21@vistaprint.com,Male,
75,Pierre,O'Giany,pogiany22@yellowpages.com,Male,57.64.124.12
76,Inness,Ryal,iryal23@qq.com,Male,228.236.171.244
77,Mala,Delieu,mdelieu24@shop-pro.jp,Female,209.216.15.11
78,Matty,Razoux,mrazoux25@senate.gov,Female,156.106.202.6
79,Hatti,Rishman,hrishman26@nyu.edu,,103.82.77.23
80,Damara,Bouskill,dbouskill27@ca.gov,,165.223.46.90
81,Raynard,Malicki,rmalicki28@ibm.com,Male,
82,Gale,Ronaghan,gronaghan29@mtv.com,Male,60.148.6.213
83,Sidoney,Sclanders,ssclanders2a@google.ca,Female,42.194.63.76
84,Ivette,Paynes,ipaynes2b@slideshare.net,Female,
85,Curran,Degnen,cdegnen2c@hexun.com,,50.142.61.243
86,Mendy,Crow,mcrow2d@narod.ru,Male,96.13.85.223
87,Brocky,Spivey,bspivey2e@multiply.com,Male,19.24.24.9
88,Robbie,Retter,rretter2f@bizjournals.com,Female,232.137.199.173
89,Uriah,Beeckx,ubeeckx2g@virginia.edu,Male,219.255.53.90
90,Carissa,Rollings,crollings2h@wikipedia.org,Female,84.65.123.114
91,Baillie,Woodhouse,bwoodhouse2i@theglobeandmail.com,Male,192.188.52.116
92,Theda,Jewers,tjewers2j@rambler.ru,Female,
93,Christian,Grimster,cgrimster2k@nsw.gov.au,Male,98.56.64.73
94,Dominique,Guerriero,dguerriero2l@live.com,Male,146.206.111.214
95,Alec,Eastgate,aeastgate2m@cpanel.net,Male,
96,Raffaello,Gonzalvo,rgonzalvo2n@vimeo.com,Male,
97,Suzi,Ivanyushin,sivanyushin2o@creativecommons.org,Genderqueer,14.218.195.10
98,Janela,Sapp,jsapp2p@themeforest.net,Female,153.97.32.143
99,Gwenni,Cameli,gcameli2q@tinypic.com,Female,196.242.84.0
100,Hanny,Plenty,hplenty2r@archive.org,Female,245.175.33.183
101,Perl,Gillion,pgillion2s@fotki.com,Female,151.48.25.70
102,Herman,Jane,hjane2t@cbslocal.com,Male,168.49.128.109
103,Daisi,Popeley,dpopeley2u@hibu.com,Female,127.178.235.196
104,Tremain,Fitzsimons,tfitzsimons2v@engadget.com,Genderfluid,94.144.202.61
105,Roderich,Dufour,rdufour2w@latimes.com,Male,168.203.4.88
106,Jamill,O'Monahan,jomonahan2x@miibeian.gov.cn,Male,166.58.5.137
107,Godfree,Brunger,gbrunger2y@shinystat.com,Male,144.217.219.166
108,Englebert,Shobbrook,eshobbrook2z@unicef.org,Male,78.210.27.126
109,Michaella,Manston,mmanston30@narod.ru,Female,127.24.99.217
110,Corrie,Gregorace,cgregorace31@twitpic.com,Female,10.92.5.94
111,Oliviero,Trusdale,otrusdale32@biglobe.ne.jp,Male,79.215.102.226
112,Reed,Gorusso,rgorusso33@icio.us,Male,197.184.39.172
113,Godfrey,Barbe,gbarbe34@lycos.com,Male,102.118.228.108
114,Marlow,Coxall,mcoxall35@dailymail.co.uk,Male,53.212.1.166
115,Wendi,Janning,wjanning36@addthis.com,Female,217.211.65.73
116,Gwyn,Fahrenbach,gfahrenbach37@blogger.com,Female,48.199.246.200
117,Wylma,Lundon,wlundon38@techcrunch.com,Polygender,253.55.193.28
118,Ddene,Middlebrook,dmiddlebrook39@yelp.com,Female,152.69.15.30
119,Jenna,Pettyfar,jpettyfar3a@census.gov,Female,111.251.19.203
120,Kerr,Locksley,klocksley3b@example.com,Male,240.78.166.23
121,Jeffry,Budik,jbudik3c@cisco.com,Non-binary,41.72.179.167
122,Field,Sedgebeer,fsedgebeer3d@t.co,Male,30.42.168.107
123,Flynn,Vaggs,fvaggs3e@list-manage.com,,90.91.203.1
124,Edouard,Baseggio,ebaseggio3f@shinystat.com,Male,17.158.123.72
125,Aigneis,Westmacott,awestmacott3g@mapquest.com,Female,128.189.165.162
126,Consuelo,Kissock,ckissock3h@time.com,Female,111.101.117.65
127,Gaelan,Merriday,gmerriday3i@npr.org,Male,22.101.81.7
128,Paolina,Stoffler,pstoffler3j@marriott.com,Female,219.225.201.209
129,Nicol,McElvogue,nmcelvogue3k@1und1.de,Male,105.7.140.71
130,Meade,Asker,masker3l@altervista.org,Female,23.246.119.154
131,Koenraad,Janeczek,kjaneczek3m@unicef.org,Male,242.117.213.24
132,Jory,Charlson,jcharlson3n@aol.com,Male,61.232.183.23
133,Joyan,Grim,jgrim3o@slideshare.net,Female,89.63.112.131
134,Karoline,Mor,kmor3p@springer.com,Female,116.112.49.56
135,Miguel,Palumbo,mpalumbo3q@csmonitor.com,Male,86.82.25.195
136,Adella,Dentith,adentith3r@yolasite.com,Female,214.240.80.153
137,Dix,Ferrara,dferrara3s@nyu.edu,,230.216.88.10
138,Eada,Challener,echallener3t@dagondesign.com,Female,101.255.41.175
139,Ansel,Conelly,aconelly3u@wordpress.org,,252.117.225.144
140,Yvon,Volkers,yvolkers3v@devhub.com,Male,127.253.234.210
141,Rowney,Havis,rhavis3w@bloglines.com,Male,9.236.106.22
142,Shell,Ferri,sferri3x@hibu.com,Male,97.195.144.139
143,Joyce,Bondar,jbondar3y@cam.ac.uk,,129.194.188.182
144,Jacky,Kelsey,jkelsey3z@edublogs.org,Bigender,179.160.37.103
145,Candra,Huckabe,chuckabe40@tripod.com,Female,224.116.229.140
146,Matty,Janson,mjanson41@ucla.edu,Female,49.24.64.7
147,Westbrook,Howells,whowells42@ft.com,Male,1.80.33.204
148,Ree,Dumbrill,rdumbrill43@xinhuanet.com,Agender,136.83.60.244
149,Tobiah,Tallent,ttallent44@g.co,Male,34.224.184.108
150,Sherie,Simonini,ssimonini45@hostgator.com,Female,40.73.167.94
151,Pen,Dyzart,pdyzart46@ca.gov,Bigender,229.92.16.20
152,Val,Mouget,vmouget47@cornell.edu,Male,107.79.177.3
153,Maryjane,Schoenleiter,mschoenleiter48@umich.edu,Female,
154,Kimbell,Chick,kchick49@timesonline.co.uk,Male,164.218.79.154
155,Pebrook,Boliver,pboliver4a@epa.gov,Male,239.19.3.253
156,Sonnie,Giacomello,sgiacomello4b@histats.com,Female,200.61.133.182
157,Saundra,Nicholls,snicholls4c@prweb.com,Male,141.93.72.83
158,Giulio,Keegan,gkeegan4d@gov.uk,Male,230.57.229.182
159,Kristos,Cahill,kcahill4e@imageshack.us,Male,25.171.50.32
160,Frazer,Spindler,fspindler4f@chronoengine.com,Male,46.184.24.68
161,Tilly,Brilon,tbrilon4g@pen.io,Female,61.108.135.69
162,Roderigo,Ende,rende4h@sakura.ne.jp,Male,38.13.17.106
163,Malory,Hodjetts,mhodjetts4i@constantcontact.com,Female,83.137.75.12
164,Clo,Mechic,cmechic4j@symantec.com,Female,192.100.243.2
165,Issi,Kirkam,ikirkam4k@google.fr,Female,70.163.31.191
166,Dane,Reeks,dreeks4l@woothemes.com,Male,234.240.238.7
167,Phip,Lovell,plovell4m@qq.com,Male,8.183.134.149
168,Anstice,Scoggan,ascoggan4n@oaic.gov.au,Female,149.223.114.103
169,Decca,Colpus,dcolpus4o@usda.gov,Male,75.253.198.133
170,Holly-anne,Yerby,hyerby4p@craigslist.org,,155.178.207.77
171,Chryste,Kilford,ckilford4q@tiny.cc,,115.154.195.189
172,Tannie,Giannini,tgiannini4r@twitter.com,Male,
173,Gal,Blaver,gblaver4s@cpanel.net,Agender,197.28.91.140
174,Mechelle,Ellin,mellin4t@oakley.com,Female,119.155.71.77
175,Claudius,Torrecilla,ctorrecilla4u@google.pl,Male,
176,Florinda,Cuxson,fcuxson4v@pagesperso-orange.fr,Female,44.73.154.63
177,Ransom,Yarrow,ryarrow4w@virginia.edu,Male,153.102.69.126
178,Archibald,Hardstaff,ahardstaff4x@independent.co.uk,Male,205.129.135.68
179,Donnie,Gasken,dgasken4y@mlb.com,Female,
180,Blondelle,Wildin,bwildin4z@spotify.com,Female,127.201.175.232
181,Ruprecht,Bryde,rbryde50@360.cn,Male,
182,Alvin,Cornall,acornall51@behance.net,Male,183.27.125.160
183,Reggy,Spelling,rspelling52@g.co,Male,90.225.111.148
184,Prinz,Fanstone,pfanstone53@bing.com,,196.162.186.88
185,Worthy,Blackbourn,wblackbourn54@1und1.de,,1.189.139.181
186,Kennie,Hrinchenko,khrinchenko55@foxnews.com,Male,44.64.244.219
187,Lanni,Mockett,lmockett56@meetup.com,Female,117.34.220.18
188,Corrie,Savins,csavins57@yellowbook.com,Male,61.190.81.248
189,Janka,Hudspith,jhudspith58@usda.gov,Female,241.94.16.214
190,Eleanore,Chapier,echapier59@tamu.edu,Polygender,197.252.57.151
191,Giselbert,Lister,glister5a@accuweather.com,,18.155.193.2
192,Adelaida,Eakley,aeakley5b@networkadvertising.org,Female,251.24.96.140
193,Mace,Eliassen,meliassen5c@fc2.com,Male,218.104.238.57
194,Jazmin,Barrim,jbarrim5d@telegraph.co.uk,Female,156.11.225.59
195,Silva,Mackrell,smackrell5e@nba.com,Female,
196,Tirrell,Parris,tparris5f@soup.io,Male,139.146.98.214
197,Gabriello,Allibon,gallibon5g@mapquest.com,Male,159.54.189.136
198,Caroline,Reeken,creeken5h@vinaora.com,Female,188.92.137.107
199,Verney,Eldered,veldered5i@livejournal.com,,249.46.209.208
200,Bunni,Clackers,bclackers5j@oracle.com,,32.140.234.92
201,Tawsha,Anyene,tanyene5k@foxnews.com,Female,45.3.55.230
202,Concordia,Brims,cbrims5l@sfgate.com,Female,207.248.9.214
203,Tabitha,Evenden,tevenden5m@ucsd.edu,Female,239.1.7.66
204,Eva,Luckham,eluckham5n@pbs.org,Female,41.156.164.68
205,Othella,Muston,omuston5o@163.com,Female,34.40.173.110
206,Katharina,McCunn,kmccunn5p@disqus.com,Female,224.137.184.183
207,Yoko,Lewendon,ylewendon5q@goo.gl,,65.235.35.190
208,Brannon,Esposito,besposito5r@nifty.com,Male,62.169.188.114
209,Wendye,Larive,wlarive5s@ucla.edu,Genderfluid,37.79.231.136
210,Melantha,Grass,mgrass5t@si.edu,Female,26.135.24.211
211,Lorelei,Clemendet,lclemendet5u@latimes.com,Female,250.59.248.145
212,Roth,Lamburn,rlamburn5v@dailymotion.com,,
213,Ariel,Ciardo,aciardo5w@i2i.jp,Female,128.251.4.97
214,Lira,Negus,lnegus5x@sitemeter.com,Female,155.180.227.238
215,Thomasa,Arton,tarton5y@about.com,Female,203.212.110.120
216,Lorette,Harsnep,lharsnep5z@lulu.com,,124.86.211.89
217,Christa,Klich,cklich60@pinterest.com,Female,136.225.195.135
218,Rockwell,Findlater,rfindlater61@ucsd.edu,Male,
219,Traci,Neesham,tneesham62@typepad.com,Female,17.151.122.28
220,Guglielmo,Shailer,gshailer63@360.cn,Male,148.98.63.116
221,Tymothy,Kilmurry,tkilmurry64@usda.gov,Male,39.5.4.80
222,Sabina,Baguley,sbaguley65@multiply.com,Female,247.126.39.122
223,Cassandra,Flux,cflux66@economist.com,Female,36.78.56.243
224,Borden,Hiddsley,bhiddsley67@usatoday.com,Male,232.78.6.44
225,Carver,Buckle,cbuckle68@yellowpages.com,Male,167.209.120.155
226,Binky,Aldins,baldins69@cisco.com,Male,
227,Gabie,Lovejoy,glovejoy6a@live.com,Genderfluid,137.36.126.187
228,Jacob,Springtorp,jspringtorp6b@icq.com,Agender,199.247.121.153
229,Robenia,Buntine,rbuntine6c@businessinsider.com,,128.71.89.48
230,Kelsi,Bousquet,kbousquet6d@wunderground.com,,48.249.94.99
231,Gertrude,Geldart,ggeldart6e@time.com,Female,158.70.174.95
232,Holli,Belli,hbelli6f@ask.com,Female,105.98.41.230
233,Armin,Coton,acoton6g@ihg.com,Male,230.188.33.231
234,Corney,Byneth,cbyneth6h@mashable.com,Male,118.46.176.205
235,Sheila,Hargreaves,shargreaves6i@icio.us,Female,
236,Dynah,Puddefoot,dpuddefoot6j@ebay.com,Female,218.17.245.118
237,Berget,Manzell,bmanzell6k@wired.com,,73.34.193.79
238,Park,Bech,pbech6l@drupal.org,Genderqueer,224.25.184.75
239,Ainslee,Gaunson,agaunson6m@telegraph.co.uk,Female,173.190.90.117
240,Hort,Castleman,hcastleman6n@usa.gov,,205.253.219.114
241,Betty,Bucklee,bbucklee6o@youtube.com,Female,215.114.8.112
242,Darn,Rummer,drummer6p@yale.edu,Male,211.64.20.41
243,Licha,Banfill,lbanfill6q@netlog.com,Female,197.148.22.151
244,Leonora,Bawden,lbawden6r@auda.org.au,,95.224.63.149
245,Korie,Minguet,kminguet6s@soup.io,Polygender,9.0.91.68
246,Cicely,Landal,clandal6t@slate.com,Female,21.20.91.232
247,Neal,Irlam,nirlam6u@mozilla.com,Male,106.222.214.99
248,Eran,Lodder,elodder6v@howstuffworks.com,Female,221.94.206.104
249,Twila,Godsmark,tgodsmark6w@auda.org.au,Bigender,71.255.170.120
250,Jacqueline,Somerled,jsomerled6x@bbb.org,Female,102.220.224.20
251,Saleem,Sperrett,ssperrett6y@dailymail.co.uk,Polygender,12.209.148.218
252,Park,McIlwaine,pmcilwaine6z@tinypic.com,Male,200.86.184.84
253,Bobbee,Babonau,bbabonau70@storify.com,Female,71.26.119.30
254,Hyacinthie,Stirton,hstirton71@typepad.com,Female,150.110.147.178
255,Kendell,Pattle,kpattle72@bloglovin.com,Male,3.28.3.157
256,Ellissa,Collumbine,ecollumbine73@zdnet.com,Female,198.51.213.60
257,Jessalin,Turbill,jturbill74@rambler.ru,,91.110.117.81
258,Babbie,Polland,bpolland75@umn.edu,Female,129.24.66.215
259,Rafa,Ellens,rellens76@google.co.jp,Female,163.35.115.160
260,Rikki,Fickling,rfickling77@dropbox.com,Female,185.115.220.43
261,Bryce,Geipel,bgeipel78@theglobeandmail.com,Male,63.154.178.186
262,Obidiah,Ferenczy,oferenczy79@pen.io,,7.80.135.196
263,Shelli,Ballintyne,sballintyne7a@howstuffworks.com,Female,157.254.166.160
264,Nancy,Byart,nbyart7b@who.int,Female,
265,Dilan,Rablan,drablan7c@sitemeter.com,Male,85.130.78.18
266,Laird,Sharrard,lsharrard7d@flavors.me,Male,72.132.6.62
267,Carin,Dunlop,cdunlop7e@usatoday.com,Female,119.63.227.186
268,Matias,Itzkovich,mitzkovich7f@posterous.com,Male,104.99.39.93
269,Sebastien,Bentke,sbentke7g@github.io,Male,92.81.65.62
270,Margi,Domini,mdomini7h@networksolutions.com,Female,236.157.24.247
271,Adelina,Merritt,amerritt7i@craigslist.org,Female,242.106.143.159
272,Faustine,Conkay,fconkay7j@domainmarket.com,Female,198.196.54.53
273,Isidora,Mazin,imazin7k@parallels.com,,193.210.100.77
274,Kean,Caskie,kcaskie7l@hhs.gov,Male,175.120.7.45
275,Arlette,Pendlington,apendlington7m@google.com,Female,44.130.126.217
276,Jilli,Covil,jcovil7n@dedecms.com,Female,22.232.59.192
277,Marshal,Medd,mmedd7o@wix.com,,150.147.237.46
278,Shell,Wherrett,swherrett7p@deliciousdays.com,Female,127.1.63.47
279,Alexina,Mathan,amathan7q@rambler.ru,Female,4.26.161.75
280,Emmett,Mathon,emathon7r@businesswire.com,Male,0.100.59.53
281,Marysa,Spinozzi,mspinozzi7s@paypal.com,Female,128.125.255.55
282,Nathalie,Olsson,nolsson7t@nps.gov,Female,66.149.64.148
283,Ciel,Colisbe,ccolisbe7u@sitemeter.com,Female,152.202.176.129
284,Hinze,Dallywater,hdallywater7v@jigsy.com,Male,20.172.181.94
285,Francesco,Delany,fdelany7w@sfgate.com,Male,136.103.15.107
286,Cindi,Shankle,cshankle7x@elpais.com,Female,230.88.152.12
287,Logan,Argrave,largrave7y@ezinearticles.com,Male,237.137.255.102
288,Salvatore,Flett,sflett7z@utexas.edu,Male,54.8.128.152
289,Marin,Carrett,mcarrett80@chronoengine.com,Female,158.40.7.127
290,Maynard,Rzehor,mrzehor81@cargocollective.com,Male,207.180.200.87
291,Esdras,Kitcherside,ekitcherside82@godaddy.com,Male,14.120.239.135
292,Gigi,Fawloe,gfawloe83@answers.com,Female,
293,Waylin,Spaughton,wspaughton84@admin.ch,Male,30.106.207.18
294,Earle,Ivons,eivons85@uiuc.edu,Male,
295,Tansy,Ambrosi,tambrosi86@reuters.com,Female,184.140.44.100
296,Noland,Allchin,nallchin87@dell.com,Male,
297,Tomaso,Edwardes,tedwardes88@rakuten.co.jp,Male,187.33.124.142
298,Christal,Baggot,cbaggot89@reddit.com,Genderfluid,163.131.15.145
299,Fletcher,Anderson,fanderson8a@1und1.de,Male,15.34.217.109
300,Marian,Eakeley,meakeley8b@senate.gov,Female,120.141.47.122
301,Carmelita,Pellington,cpellington8c@com.com,Female,254.164.64.45
302,Krista,Gerckens,kgerckens8d@wikipedia.org,Female,96.185.26.46
303,Neila,Combes,ncombes8e@bandcamp.com,Female,
304,Slade,Dawnay,sdawnay8f@nps.gov,Male,100.156.116.33
305,Francesco,Eglaise,feglaise8g@kickstarter.com,Male,153.22.126.222
306,Tamar,Skalls,tskalls8h@google.cn,Female,192.113.49.59
307,Andris,Matz,amatz8i@meetup.com,Male,
308,Bethany,Thwaite,bthwaite8j@godaddy.com,Female,
309,Andrew,Munkley,amunkley8k@uol.com.br,Male,152.131.202.83
310,Elliot,Beekmann,ebeekmann8l@networkadvertising.org,Male,142.124.172.67
311,Othello,Marie,omarie8m@nyu.edu,Male,10.19.35.122
312,Ash,Aimson,aaimson8n@google.co.jp,Male,0.226.33.167
313,Emiline,McGonagle,emcgonagle8o@intel.com,Non-binary,193.65.114.144
314,Barbaraanne,Christophle,bchristophle8p@japanpost.jp,Female,20.251.55.45
315,Thedrick,Witts,twitts8q@vistaprint.com,Male,118.107.34.54
316,Peggie,Ridulfo,pridulfo8r@plala.or.jp,Female,2.246.240.130
317,Aeriela,Beardmore,abeardmore8s@go.com,,151.155.152.150
318,Kennie,Aird,kaird8t@com.com,Male,226.194.3.50
319,Harriette,Hegden,hhegden8u@wufoo.com,Female,153.76.177.53
320,Alley,Brittles,abrittles8v@bluehost.com,Male,140.145.119.199
321,Hugues,Kristiansen,hkristiansen8w@accuweather.com,Male,58.85.75.165
322,Lurlene,McGreal,lmcgreal8x@webnode.com,Female,189.161.15.166
323,Ibbie,Eam,ieam8y@cocolog-nifty.com,Female,199.61.39.194
324,Esme,Binfield,ebinfield8z@miibeian.gov.cn,Male,104.2.71.21
325,Stafford,Mingo,smingo90@jimdo.com,Male,177.104.59.248
326,Letitia,Newband,lnewband91@foxnews.com,Female,247.22.129.116
327,Petr,Berthod,pberthod92@wikipedia.org,Genderfluid,52.228.136.219
328,Kettie,Fiddeman,kfiddeman93@blog.com,Female,102.213.64.81
329,Jessie,Jenney,jjenney94@home.pl,Female,100.89.176.98
330,Ax,Petrazzi,apetrazzi95@princeton.edu,Male,
331,Haslett,Breydin,hbreydin96@linkedin.com,Male,103.19.138.212
332,Adelaide,McDermott,amcdermott97@wix.com,Female,
333,Hatti,Crehan,hcrehan98@microsoft.com,Female,160.193.207.223
334,Ricard,Marsham,rmarsham99@blogtalkradio.com,Genderqueer,145.110.137.227
335,Derk,Breakspear,dbreakspear9a@bandcamp.com,Male,
336,Raimund,Merner,rmerner9b@npr.org,Male,185.136.149.197
337,Adelheid,Basill,abasill9c@github.com,Female,173.187.235.168
338,Gare,Wittleton,gwittleton9d@booking.com,Male,2.123.148.165
339,Obidiah,McCooke,omccooke9e@freewebs.com,Genderqueer,199.214.250.243
340,Dacy,Asipenko,dasipenko9f@mapquest.com,Female,40.245.200.93
341,Stanislaw,Manger,smanger9g@twitpic.com,Male,197.58.43.202
342,Augustin,Gawkes,agawkes9h@sina.com.cn,Male,66.99.83.191
343,Vito,O' Donohoe,vodonohoe9i@w3.org,Male,207.200.209.87
344,Cristiano,Haspineall,chaspineall9j@go.com,Male,59.54.253.240
345,Edie,Desmond,edesmond9k@sina.com.cn,Female,24.133.21.178
346,Jade,Karchewski,jkarchewski9l@discovery.com,Female,46.91.64.224
347,Bruno,Jowett,bjowett9m@reuters.com,Male,217.141.121.70
348,Carmon,Josey,cjosey9n@1und1.de,Female,173.87.111.3
349,Eldin,Downs,edowns9o@jigsy.com,Male,228.174.107.95
350,Phedra,Flatt,pflatt9p@mayoclinic.com,Female,61.236.201.187
351,Lise,Gorgler,lgorgler9q@php.net,Female,
352,Barr,Pallasch,bpallasch9r@mtv.com,Male,63.75.238.140
353,Tyler,Norcutt,tnorcutt9s@studiopress.com,Male,140.189.144.192
354,Faina,Camelia,fcamelia9t@google.com,Female,11.186.142.124
355,Vivyanne,Krates,vkrates9u@shareasale.com,,67.44.106.36
356,Thorsten,Macilhench,tmacilhench9v@washingtonpost.com,Male,144.55.229.24
357,Thoma,Brydson,tbrydson9w@dedecms.com,,94.14.12.61
358,Palmer,Tours,ptours9x@sourceforge.net,Male,127.61.179.3
359,Michaeline,Jaan,mjaan9y@yolasite.com,Female,52.162.239.18
360,Erie,Maus,emaus9z@360.cn,Agender,15.112.151.56
361,Dolores,Mountain,dmountaina0@usda.gov,Non-binary,
362,Lin,Boswood,lboswooda1@boston.com,Male,38.132.187.47
363,Janeen,Curedale,jcuredalea2@illinois.edu,Female,136.26.151.6
364,Bearnard,Challice,bchallicea3@ucla.edu,Male,136.207.149.109
365,Micki,Clemencet,mclemenceta4@multiply.com,Female,
366,Abby,MacVaugh,amacvaugha5@redcross.org,Female,84.126.191.227
367,Letty,Ilewicz,lilewicza6@spiegel.de,Female,167.34.174.12
368,Ingemar,Cameron,icamerona7@bandcamp.com,Male,45.183.112.173
369,Catina,Perryman,cperrymana8@facebook.com,Genderqueer,19.154.215.240
370,Irina,Obee,iobeea9@jimdo.com,,46.116.30.28
371,Bailie,Behan,bbehanaa@irs.gov,Male,48.56.199.82
372,Tobie,Wyld,twyldab@china.com.cn,Male,
373,Justis,Cafe,jcafeac@weebly.com,Male,118.155.242.125
374,Casandra,Mouton,cmoutonad@networksolutions.com,,170.65.226.165
375,Uriel,Brecknock,ubrecknockae@eepurl.com,Male,104.153.197.188
376,Guillema,Raeside,graesideaf@hibu.com,Bigender,65.246.122.20
377,Margalo,Tomblett,mtomblettag@amazon.co.jp,Female,184.58.229.194
378,Dagmar,Bentame,dbentameah@wired.com,Female,236.95.128.233
379,Evangeline,Regis,eregisai@constantcontact.com,Female,53.214.35.30
380,Luciano,Zoellner,lzoellneraj@about.com,Male,143.93.136.35
381,Lizzy,West,lwestak@histats.com,Female,191.214.50.185
382,Steffie,Newsham,snewshamal@purevolume.com,Female,42.222.179.114
383,Rheba,Varlow,rvarlowam@myspace.com,Female,175.82.205.166
384,Malachi,Troctor,mtroctoran@java.com,Male,247.159.37.182
385,Filbert,Grinston,fgrinstonao@rakuten.co.jp,Male,148.189.5.168
386,Bari,Falk,bfalkap@php.net,Female,163.228.174.180
387,Marla,Beams,mbeamsaq@gravatar.com,Female,156.46.59.223
388,Sibylle,London,slondonar@wikispaces.com,Female,36.179.145.66
389,Jessie,Haddinton,jhaddintonas@mac.com,Male,83.237.103.242
390,Natasha,Rove,nroveat@a8.net,Female,
391,Mildrid,Caseborne,mcaseborneau@reference.com,Female,144.14.208.207
392,Dniren,Kuschke,dkuschkeav@cam.ac.uk,Female,103.247.10.69
393,Barde,Ruberti,brubertiaw@google.ru,,
394,Adolphe,Keat,akeatax@e-recht24.de,Male,205.157.2.63
395,Humberto,Redholes,hredholesay@posterous.com,Male,232.173.114.175
396,Abbie,Ladds,aladdsaz@sakura.ne.jp,Non-binary,208.206.11.83
397,Kiele,Blance,kblanceb0@xrea.com,Female,66.7.162.4
398,Sofia,Forri,sforrib1@walmart.com,Female,102.54.52.161
399,Vachel,Gammet,vgammetb2@godaddy.com,Male,6.153.121.128
400,Charin,O'Hare,cohareb3@vk.com,Female,54.214.119.137
401,Anita,Rentalll,arentalllb4@ft.com,Female,162.156.12.75
402,Corrina,Murtell,cmurtellb5@paypal.com,Non-binary,47.138.174.34
403,Tanner,Denizet,tdenizetb6@spotify.com,Male,28.90.53.237
404,Maxi,Downer,mdownerb7@tripadvisor.com,Female,
405,Tamarah,Sheerman,tsheermanb8@cpanel.net,Female,107.13.84.255
406,Gib,Durtnel,gdurtnelb9@ustream.tv,Male,254.219.224.67
407,Paule,Berre,pberreba@addtoany.com,Female,128.97.136.90
408,Brina,Hills,bhillsbb@privacy.gov.au,Female,60.92.139.79
409,Morlee,Pickhaver,mpickhaverbc@imgur.com,Agender,114.40.88.122
410,Stafford,Staining,sstainingbd@auda.org.au,Male,118.185.129.114
411,Nollie,Antunes,nantunesbe@washington.edu,Female,77.110.176.20
412,Wilden,Tillerton,wtillertonbf@dailymotion.com,Male,34.159.36.33
413,Mireielle,Chidlow,mchidlowbg@pcworld.com,Female,223.212.87.121
414,Conroy,Bleacher,cbleacherbh@marketwatch.com,Male,1.251.251.143
415,Clem,Staines,cstainesbi@e-recht24.de,,
416,Genia,Parren,gparrenbj@technorati.com,Female,
417,Sib,Strongitharm,sstrongitharmbk@eepurl.com,Female,
418,Prescott,Hansom,phansombl@fc2.com,,
419,Krystalle,Gillions,kgillionsbm@bandcamp.com,Female,
420,Carolyne,Draycott,cdraycottbn@blogger.com,Female,
421,Audre,Leggatt,aleggattbo@wired.com,Female,208.47.189.4
422,Phylys,Larcombe,plarcombebp@timesonline.co.uk,Female,156.153.222.88
423,Gusti,Beminster,gbeminsterbq@facebook.com,Female,40.236.38.112
424,Tonya,Avraam,tavraambr@unblog.fr,Female,89.241.64.62
425,Nikoletta,Walby,nwalbybs@slashdot.org,Female,51.226.137.42
426,Verge,Vincent,vvincentbt@arstechnica.com,Male,53.17.246.159
427,Horton,McKmurrie,hmckmurriebu@newyorker.com,Male,59.1.145.243
428,Piper,Conachie,pconachiebv@last.fm,Female,
429,Neddie,Petrou,npetroubw@bloglovin.com,Male,174.13.248.199
430,Phelia,MacFadyen,pmacfadyenbx@nps.gov,,244.230.134.58
431,Mitchell,Panton,mpantonby@nyu.edu,Male,173.245.122.137
432,Onfre,Grichukhanov,ogrichukhanovbz@epa.gov,Male,238.49.4.132
433,Laurianne,Yanyshev,lyanyshevc0@bloomberg.com,,167.115.198.26
434,Anastasie,Reader,areaderc1@indiegogo.com,Female,254.54.99.6
435,Eben,Lepere,eleperec2@arstechnica.com,Male,142.54.156.94
436,Marysa,Chinery,mchineryc3@seattletimes.com,Female,23.223.252.119
437,Cecilio,Lipscomb,clipscombc4@scientificamerican.com,Male,182.11.118.83
438,Giovanna,Raise,graisec5@last.fm,Genderqueer,31.94.151.208
439,Marysa,Ives,mivesc6@parallels.com,Female,56.89.8.220
440,Janella,Olle,jollec7@opensource.org,Female,11.84.180.128
441,Katuscha,Glenister,kglenisterc8@berkeley.edu,Female,
442,Jacintha,Beig,jbeigc9@japanpost.jp,Female,98.198.118.115
443,Trix,Giscken,tgisckenca@delicious.com,Female,110.149.157.114
444,Josee,Lund,jlundcb@naver.com,Female,
445,Linnell,Beisley,lbeisleycc@berkeley.edu,Female,
446,Kally,Ewens,kewenscd@quantcast.com,Female,176.48.254.29
447,Harley,Spurway,hspurwayce@google.cn,Female,81.159.71.99
448,Bea,Lanfare,blanfarecf@jalbum.net,Female,210.137.176.2
449,Othella,Swabey,oswabeycg@chronoengine.com,Female,193.69.7.82
450,Isaac,Kelledy,ikelledych@bigcartel.com,Male,172.222.162.204
451,Padget,Clouter,pclouterci@yandex.ru,Male,17.220.24.117
452,Lyda,Trude,ltrudecj@pagesperso-orange.fr,Female,110.225.209.101
453,Des,Stollenberg,dstollenbergck@ustream.tv,Male,114.152.222.146
454,Erl,Jollie,ejolliecl@tripadvisor.com,Male,
455,Petrina,O'Mullally,pomullallycm@bbb.org,Female,218.51.214.81
456,Madeleine,McGovern,mmcgoverncn@google.com.au,Female,150.143.134.197
457,Allister,Rochelle,arochelleco@php.net,Male,212.187.86.139
458,Vivianne,Zamorrano,vzamorranocp@blog.com,Female,
459,Eldon,Vernau,evernaucq@shinystat.com,Male,29.154.32.222
460,Rowe,Palay,rpalaycr@mediafire.com,Female,
461,Gayleen,Jacques,gjacquescs@ucoz.com,Female,123.104.179.95
462,Emmalynne,Wettern,ewetternct@wufoo.com,Female,249.225.221.216
463,Caddric,Petkovic,cpetkoviccu@adobe.com,Male,167.72.246.44
464,Dar,Maddy,dmaddycv@elpais.com,Male,239.120.57.52
465,Vally,Ellingsworth,vellingsworthcw@umich.edu,Genderqueer,147.133.114.63
466,Xymenes,Taw,xtawcx@va.gov,Male,
467,Francisco,Lyall,flyallcy@istockphoto.com,Male,
468,Claire,Di Franceshci,cdifranceshcicz@booking.com,Male,117.81.148.44
469,Tyne,Georghiou,tgeorghioud0@istockphoto.com,Female,77.238.175.181
470,Ber,Grimsdyke,bgrimsdyked1@diigo.com,Male,238.76.174.120
471,Meir,Curneen,mcurneend2@shutterfly.com,Male,
472,Candie,Paternoster,cpaternosterd3@goo.ne.jp,Female,199.70.30.173
473,Donetta,Engledow,dengledowd4@mayoclinic.com,Female,48.245.128.179
474,Lindsay,Perrelle,lperrelled5@chronoengine.com,Genderqueer,210.81.144.225
475,Theo,Macro,tmacrod6@fema.gov,,218.171.195.95
476,Sheelah,Filipchikov,sfilipchikovd7@macromedia.com,Female,237.153.254.131
477,Ninnette,Huntington,nhuntingtond8@sourceforge.net,Female,255.24.243.130
478,Oberon,O'Growgane,oogrowganed9@imdb.com,Male,
479,Betsy,Layton,blaytonda@icq.com,Female,152.175.106.50
480,Rogers,Blazewski,rblazewskidb@patch.com,Male,149.96.115.222
481,Farra,Heater,fheaterdc@house.gov,Genderqueer,84.46.141.12
482,Patrice,Dominy,pdominydd@auda.org.au,Male,65.70.55.185
483,Fernandina,Kahn,fkahnde@imageshack.us,,195.48.223.148
484,Kelci,Haste,khastedf@soundcloud.com,Female,
485,Imelda,Glenwright,iglenwrightdg@columbia.edu,Female,140.173.191.230
486,Valentine,Borchardt,vborchardtdh@samsung.com,Polygender,113.200.16.185
487,D'arcy,Sneaker,dsneakerdi@google.fr,Male,
488,Eleonore,Musson,emussondj@engadget.com,Female,73.53.120.150
489,Roderic,Ilsley,rilsleydk@mtv.com,Male,
490,Claude,Corbridge,ccorbridgedl@canalblog.com,,230.138.81.112
491,Clive,Isbell,cisbelldm@istockphoto.com,Male,203.225.248.36
492,Antonina,Prendergast,aprendergastdn@sogou.com,Female,96.215.57.124
493,Shayla,McQuillen,smcquillendo@google.com,Female,193.102.13.184
494,Ford,McIlharga,fmcilhargadp@taobao.com,Male,200.111.236.196
495,Marijo,Danielski,mdanielskidq@amazon.de,Female,2.116.62.171
496,Bobina,Malmar,bmalmardr@issuu.com,,65.206.69.31
497,Huntley,Eslinger,heslingerds@ask.com,Male,230.110.7.97
498,Mattias,Pantlin,mpantlindt@msu.edu,Male,190.88.14.117
499,Silas,Arrigo,sarrigodu@cbslocal.com,Male,20.21.204.197
500,Titus,Spir,tspirdv@marriott.com,Male,244.231.247.66
501,Tanhya,Spandley,tspandleydw@mlb.com,Female,
502,Alexandros,Hakes,ahakesdx@mozilla.com,Male,230.239.43.244
503,Tabby,Winsbury,twinsburydy@stanford.edu,,81.47.193.189
504,Frances,Reijmers,freijmersdz@printfriendly.com,Female,
505,Carmela,Lickess,clickesse0@nih.gov,Bigender,212.143.104.161
506,Holly-anne,Stanistrete,hstanistretee1@unesco.org,Female,
507,Denys,Chatt,dchatte2@acquirethisname.com,Female,171.55.181.128
508,Filmer,Felder,ffeldere3@bloomberg.com,,39.163.17.69
509,Garrek,Dunderdale,gdunderdalee4@arizona.edu,Bigender,223.92.90.231
510,Odelia,Jonathon,ojonathone5@last.fm,Female,112.145.41.73
511,Remy,Elph,relphe6@storify.com,Female,
512,Demetris,Beccles,dbecclese7@ycombinator.com,Female,
513,Parsifal,Gueste,pguestee8@arstechnica.com,Male,
514,Hal,Fosbraey,hfosbraeye9@1und1.de,Male,
515,Reinwald,Lamming,rlammingea@businesswire.com,Male,174.93.105.53
516,Tyne,Lafay,tlafayeb@pcworld.com,Female,162.187.39.130
517,Fleur,Rechert,frechertec@etsy.com,Female,200.0.95.183
518,Arleen,Vant,avanted@nba.com,Female,16.239.76.146
519,Sylvester,Bissex,sbissexee@house.gov,Male,228.246.226.205
520,Jonah,Teresi,jteresief@wordpress.com,Male,78.167.43.199
521,Skippy,Shorthouse,sshorthouseeg@blogger.com,Male,234.30.193.4
522,Hetty,Iacivelli,hiacivellieh@imgur.com,Female,5.136.115.200
523,Gabie,Kennewell,gkennewellei@samsung.com,,63.232.189.176
524,Hobey,Andreuzzi,handreuzziej@pinterest.com,Male,11.237.50.129
525,Koralle,Tather,ktatherek@toplist.cz,Female,214.152.204.230
526,Roseline,Albasini,ralbasiniel@w3.org,Bigender,175.252.199.9
527,Ramsay,Murch,rmurchem@google.co.uk,,159.240.188.206
528,Elita,Ferrier,eferrieren@usgs.gov,Female,
529,Pearline,Simkins,psimkinseo@jiathis.com,,254.174.212.243
530,Maddie,Chauvey,mchauveyep@blogs.com,Female,
531,Julia,Mattes,jmatteseq@ameblo.jp,Female,180.184.218.202
532,Rich,Kilvington,rkilvingtoner@issuu.com,,75.254.89.87
533,Ebenezer,Comer,ecomeres@webs.com,,
534,Christoforo,Furmston,cfurmstonet@ucoz.ru,Male,251.16.68.181
535,Renault,Greenhowe,rgreenhoweeu@livejournal.com,Male,93.60.153.11
536,Lorette,Friman,lfrimanev@parallels.com,Female,138.240.55.250
537,Aleta,Bulward,abulwardew@blogs.com,Female,156.141.138.139
538,Shaun,Ainsbury,sainsburyex@youtu.be,Female,169.172.192.73
539,Ari,von Grollmann,avongrollmanney@bigcartel.com,Male,16.33.62.55
540,Lenci,Rooney,lrooneyez@sfgate.com,Male,
541,Sherlocke,Hyett,shyettf0@biblegateway.com,Male,104.181.234.150
542,Park,Grzelczyk,pgrzelczykf1@last.fm,Male,108.11.6.1
543,Mallory,Danielis,mdanielisf2@imageshack.us,Male,235.174.253.225
544,Erl,Blagden,eblagdenf3@businessinsider.com,,
545,Charmane,Pharaoh,cpharaohf4@weibo.com,,186.140.224.245
546,Reynold,Sorton,rsortonf5@purevolume.com,Male,114.10.11.65
547,Mariana,Sparke,msparkef6@oaic.gov.au,Female,56.160.142.159
548,Pammie,Domenicone,pdomeniconef7@abc.net.au,Female,113.12.95.226
549,Quinn,Sturm,qsturmf8@blog.com,Female,28.179.143.171
550,Millie,Piddlehinton,mpiddlehintonf9@opensource.org,Female,228.203.174.57
551,Mair,Mannagh,mmannaghfa@bloglovin.com,Genderqueer,81.82.26.231
552,Hope,Stangoe,hstangoefb@about.me,Female,24.176.40.100
553,Larina,Duny,ldunyfc@reuters.com,,111.168.195.240
554,Brennen,Collinge,bcollingefd@sina.com.cn,Male,
555,Ermina,Tebb,etebbfe@issuu.com,Female,220.96.231.17
556,Stephine,Stillert,sstillertff@hao123.com,Female,54.228.120.63
557,Rodolfo,Bulbrook,rbulbrookfg@creativecommons.org,Male,108.180.50.56
558,Ewart,Finicj,efinicjfh@printfriendly.com,,152.118.124.55
559,Pavel,Balls,pballsfi@latimes.com,Male,233.18.196.91
560,Miguelita,Gudgin,mgudginfj@dell.com,Female,14.138.239.242
561,Annaliese,Burnes,aburnesfk@imageshack.us,Female,158.144.30.113
562,Jonie,Durling,jdurlingfl@answers.com,Female,114.153.105.102
563,Laurianne,Vanne,lvannefm@nasa.gov,Female,98.26.224.75
564,Victoria,Utton,vuttonfn@simplemachines.org,Genderfluid,80.117.195.132
565,Stace,Inglish,singlishfo@wikispaces.com,,72.215.7.166
566,Uriah,Will,uwillfp@wix.com,Male,44.76.176.84
567,Jami,O'Scollain,joscollainfq@mashable.com,,125.228.131.63
568,Wilfrid,Jessep,wjessepfr@godaddy.com,Male,43.69.191.25
569,Coleman,Gabey,cgabeyfs@sogou.com,Male,29.109.229.73
570,Esther,Tring,etringft@sourceforge.net,Female,233.228.140.145
571,Theda,Espinel,tespinelfu@uol.com.br,Female,176.110.129.164
572,Kenyon,Keggins,kkegginsfv@aboutads.info,Male,173.25.182.145
573,Alexandro,Lessmare,alessmarefw@istockphoto.com,Male,183.243.7.38
574,Xerxes,Ruse,xrusefx@weibo.com,Male,238.12.206.83
575,Emmy,Coskerry,ecoskerryfy@narod.ru,Female,28.194.105.110
576,Rod,Povey,rpoveyfz@go.com,Male,61.217.174.227
577,Keven,Wheadon,kwheadong0@facebook.com,Polygender,45.238.219.198
578,Renault,Silverman,rsilvermang1@buzzfeed.com,Male,
579,Trevor,Foskew,tfoskewg2@archive.org,Genderqueer,143.106.95.149
580,Carley,Larman,clarmang3@zdnet.com,Female,198.110.225.213
581,Elvina,Simeone,esimeoneg4@wikimedia.org,Female,20.204.159.156
582,Farlee,Seggie,fseggieg5@time.com,,83.31.123.81
583,Horacio,Fourmy,hfourmyg6@newsvine.com,Male,
584,Giorgia,Farnsworth,gfarnsworthg7@mac.com,Female,
585,Riobard,Glazer,rglazerg8@skyrock.com,Male,206.85.209.189
586,Lucinda,Jonah,ljonahg9@patch.com,Polygender,207.98.13.27
587,Britney,Stut,bstutga@posterous.com,Female,
588,Craggie,Cawthorn,ccawthorngb@slideshare.net,Male,240.82.224.60
589,Darice,Ramalhete,dramalhetegc@buzzfeed.com,Female,58.28.90.243
590,Charles,Dell Casa,cdellcasagd@sphinn.com,Male,5.202.244.44
591,Doti,Cardinal,dcardinalge@last.fm,Female,8.182.197.201
592,Adair,Shellsheere,ashellsheeregf@taobao.com,Male,66.139.200.90
593,Jelene,Boord,jboordgg@google.ru,Female,209.126.202.95
594,Brice,Hutchence,bhutchencegh@chron.com,Male,190.219.20.54
595,Nye,Heck,nheckgi@trellian.com,Male,159.230.56.94
596,Dix,Wernher,dwernhergj@odnoklassniki.ru,Female,11.163.204.217
597,Lynnett,Tocknell,ltocknellgk@theatlantic.com,Female,
598,Bev,Winthrop,bwinthropgl@rediff.com,Genderqueer,102.41.197.194
599,Mable,Archell,marchellgm@e-recht24.de,Female,172.187.44.168
600,Rasia,Beden,rbedengn@simplemachines.org,Female,131.129.113.226
601,Nedda,Gladdis,ngladdisgo@lulu.com,Female,216.44.32.118
602,Dorothy,Exposito,dexpositogp@topsy.com,Female,73.159.123.154
603,Luciana,Campelli,lcampelligq@people.com.cn,Female,83.150.131.37
604,Deana,Chesman,dchesmangr@cnn.com,Female,127.25.220.122
605,Maddie,Oneal,monealgs@psu.edu,Female,146.168.140.228
606,Bethina,Marsay,bmarsaygt@hatena.ne.jp,Female,179.71.7.16
607,Luci,Connolly,lconnollygu@craigslist.org,Female,4.236.182.42
608,Gibby,Awin,gawingv@ocn.ne.jp,Male,204.77.101.241
609,Ciel,Harmer,charmergw@google.co.jp,Bigender,191.188.167.161
610,Sutherland,Blas,sblasgx@dailymail.co.uk,Male,134.199.195.91
611,Tandy,Elloway,tellowaygy@samsung.com,Female,115.143.3.23
612,Danette,Verdey,dverdeygz@indiatimes.com,Female,228.150.14.214
613,Rees,Barff,rbarffh0@reverbnation.com,Male,127.227.80.124
614,Jaime,Sweet,jsweeth1@tripod.com,Female,60.224.245.95
615,Cesaro,Galliver,cgalliverh2@scientificamerican.com,Male,201.31.160.162
616,Ric,Lemm,rlemmh3@chron.com,Male,192.134.190.67
617,Peyton,Hablet,phableth4@cisco.com,Male,21.235.75.155
618,Linzy,Faers,lfaersh5@mediafire.com,Female,182.86.30.186
619,Afton,Knotton,aknottonh6@java.com,Agender,207.90.77.20
620,Geri,Jinkinson,gjinkinsonh7@ihg.com,Male,174.157.130.216
621,Hector,Danskine,hdanskineh8@patch.com,,213.120.103.148
622,Letitia,Cossans,lcossansh9@answers.com,Female,159.97.156.16
623,Nerte,Lethibridge,nlethibridgeha@microsoft.com,Female,25.121.72.153
624,Kat,Erni,kernihb@cafepress.com,Female,43.19.191.24
625,Jacky,Giggie,jgiggiehc@nhs.uk,Female,85.178.224.76
626,Mohammed,Peel,mpeelhd@dmoz.org,Male,216.24.137.85
627,Cull,Hamon,chamonhe@chicagotribune.com,Male,108.49.112.236
628,Dexter,Stenyng,dstenynghf@constantcontact.com,Male,253.232.226.26
629,Lorraine,Eyam,leyamhg@tumblr.com,Female,29.155.250.147
630,Krystalle,Pellingar,kpellingarhh@1und1.de,Female,132.231.117.113
631,Saunder,Alden,saldenhi@google.pl,Male,19.2.185.187
632,Beilul,Seleway,bselewayhj@unc.edu,Female,145.6.53.119
633,Kermy,MacCague,kmaccaguehk@answers.com,Male,191.74.58.45
634,Lorianne,Brent,lbrenthl@prlog.org,Female,29.76.111.87
635,Konrad,Whysall,kwhysallhm@alibaba.com,,33.122.112.0
636,Frazer,Crofthwaite,fcrofthwaitehn@reuters.com,Male,180.244.122.202
637,Stacee,Peddersen,speddersenho@nyu.edu,Female,185.105.235.202
638,Carolan,Hartin,chartinhp@usgs.gov,Bigender,39.181.25.63
639,Ingrim,Payze,ipayzehq@behance.net,Male,186.39.163.134
640,Rudy,Caville,rcavillehr@who.int,Male,240.59.124.202
641,Laurent,Feldon,lfeldonhs@japanpost.jp,Male,72.121.80.137
642,Gib,Merwede,gmerwedeht@apple.com,Male,11.156.53.132
643,Lanie,Malzard,lmalzardhu@moonfruit.com,Female,246.145.33.85
644,Glynn,Bedome,gbedomehv@newsvine.com,Male,218.208.28.193
645,Quintilla,Simoens,qsimoenshw@wiley.com,Female,169.148.150.60
646,Basia,Meech,bmeechhx@theglobeandmail.com,Female,
647,Gabriela,Barniss,gbarnisshy@unicef.org,Female,68.227.112.120
648,Trina,Dany,tdanyhz@bandcamp.com,Non-binary,184.26.59.85
649,Marla,Parlour,mparlouri0@latimes.com,Female,17.44.10.137
650,Andonis,Crutchley,acrutchleyi1@cbc.ca,Male,
651,Phineas,Grisedale,pgrisedalei2@mlb.com,Agender,7.98.164.213
652,Nora,Jackling,njacklingi3@smugmug.com,Female,201.191.65.109
653,Chelsy,Bowley,cbowleyi4@com.com,Polygender,241.208.252.2
654,Gunther,Golsby,ggolsbyi5@mail.ru,Male,63.135.93.59
655,Briggs,McSaul,bmcsauli6@dagondesign.com,Male,243.167.157.17
656,Georgeta,Muckloe,gmuckloei7@webnode.com,,146.68.46.6
657,Liam,Canedo,lcanedoi8@berkeley.edu,Male,231.179.183.133
658,Graig,Freake,gfreakei9@xinhuanet.com,Male,49.174.2.206
659,Giffard,Lethley,glethleyia@cdbaby.com,Male,46.218.86.234
660,Pincas,Derell,pderellib@feedburner.com,Non-binary,227.82.134.111
661,Koralle,McElwee,kmcelweeic@mashable.com,Female,216.244.105.15
662,Dorie,Klimpt,dklimptid@nytimes.com,Polygender,12.95.47.139
663,Teodor,Sansbury,tsansburyie@weibo.com,,51.29.145.90
664,Swen,Kenrack,skenrackif@merriam-webster.com,Bigender,71.221.25.254
665,Ware,Hartly,whartlyig@flavors.me,Male,214.116.212.160
666,Nobe,Matyushkin,nmatyushkinih@jalbum.net,Male,88.233.229.11
667,Fletch,Doonican,fdoonicanii@archive.org,Male,50.192.172.30
668,Kain,Mockler,kmocklerij@hc360.com,Male,181.255.234.221
669,Daloris,Tarbatt,dtarbattik@europa.eu,Female,0.188.19.178
670,Delia,Baglow,dbaglowil@cnn.com,Female,
671,Gherardo,Cuttell,gcuttellim@blog.com,Male,56.183.11.103
672,Euphemia,Elnaugh,eelnaughin@ocn.ne.jp,Female,163.151.164.112
673,Gertruda,Langelay,glangelayio@time.com,Female,106.193.40.144
674,Nolan,Dameisele,ndameiseleip@elpais.com,Male,212.28.238.91
675,Britney,Searle,bsearleiq@phpbb.com,Female,14.71.148.229
676,Lind,Bremen,lbremenir@drupal.org,Male,
677,Christian,Cuschieri,ccuschieriis@canalblog.com,Female,
678,Jess,Willoughway,jwilloughwayit@wix.com,Female,121.99.230.46
679,Aida,Petters,apettersiu@kickstarter.com,Female,155.205.244.171
680,Gertruda,Pentin,gpentiniv@umn.edu,Female,95.135.43.5
681,Yasmeen,Hukin,yhukiniw@ehow.com,,144.105.119.156
682,Juliana,McMickan,jmcmickanix@imdb.com,Agender,56.111.41.0
683,Pammi,Tatton,ptattoniy@wikimedia.org,Female,203.247.75.236
684,Tracie,Whitley,twhitleyiz@github.io,Female,
685,Gaylor,Tongue,gtonguej0@mashable.com,Male,192.66.138.228
686,Ebba,Erdis,eerdisj1@sakura.ne.jp,Female,32.165.208.89
687,Cherlyn,Grogor,cgrogorj2@sourceforge.net,Female,
688,Jeramie,Handscombe,jhandscombej3@army.mil,Male,148.103.163.244
689,Letitia,Roos,lroosj4@marketwatch.com,Female,236.77.78.161
690,Nathalia,Pestricke,npestrickej5@wikia.com,Female,27.187.26.224
691,Morgen,Rebillard,mrebillardj6@ihg.com,Genderqueer,29.137.171.117
692,Cirilo,Vaszoly,cvaszolyj7@tamu.edu,Male,85.113.184.0
693,Harmonie,Hyett,hhyettj8@chicagotribune.com,Female,226.106.27.160
694,Janeczka,Paice,jpaicej9@chronoengine.com,Female,169.233.78.114
695,Graig,Dike,gdikeja@hibu.com,Bigender,21.238.236.164
696,Alvin,Beesey,abeeseyjb@wisc.edu,Male,21.95.16.27
697,Benita,Ingall,bingalljc@plala.or.jp,Female,98.159.162.36
698,Ardelis,Jeggo,ajeggojd@google.com.hk,Female,67.0.4.100
699,Janifer,Dahmel,jdahmelje@army.mil,Female,53.114.76.135
700,Stuart,Fardo,sfardojf@sphinn.com,Male,198.109.69.79
701,Claudius,Maginot,cmaginotjg@google.com.br,Male,72.191.96.37
702,Laurene,Haily,lhailyjh@noaa.gov,Female,34.196.44.98
703,Ramsey,Fishbourn,rfishbournji@nba.com,Male,93.129.138.74
704,Darleen,Yushankin,dyushankinjj@pagesperso-orange.fr,Female,76.78.196.90
705,Barney,Bugden,bbugdenjk@nymag.com,Male,197.114.54.120
706,Gianna,Gotling,ggotlingjl@foxnews.com,,145.23.187.19
707,Dan,Jandl,djandljm@msn.com,Male,105.86.14.244
708,Kelsi,Joutapavicius,kjoutapaviciusjn@blogs.com,Female,93.89.138.142
709,Goldarina,Ferrieri,gferrierijo@phpbb.com,Female,193.253.3.216
710,Deeyn,Wherton,dwhertonjp@friendfeed.com,Female,226.175.159.249
711,Skylar,Goodison,sgoodisonjq@ycombinator.com,Male,49.93.140.183
712,Tarra,Gossop,tgossopjr@wordpress.org,Female,213.12.236.188
713,Austin,Book,abookjs@trellian.com,,21.37.178.29
714,Rafferty,Prescote,rprescotejt@jiathis.com,Male,113.24.54.85
715,Corby,Oakeby,coakebyju@skyrock.com,Male,81.40.28.90
716,Perrine,Dolley,pdolleyjv@ftc.gov,Female,178.108.174.84
717,Amii,Mockler,amocklerjw@mashable.com,Female,165.250.182.5
718,Loretta,Saphin,lsaphinjx@hud.gov,Female,90.212.159.56
719,Avis,Gurner,agurnerjy@ocn.ne.jp,Female,217.6.181.231
720,Sherwynd,Pyzer,spyzerjz@homestead.com,Male,42.20.53.173
721,Kaye,Clancey,kclanceyk0@360.cn,Female,20.135.48.60
722,Diana,O'Heyne,doheynek1@mediafire.com,Genderqueer,61.26.192.243
723,Odille,Ancliffe,oancliffek2@skyrock.com,Female,252.174.101.21
724,Corbett,Hammond,chammondk3@typepad.com,Male,252.233.51.237
725,Billy,Ledamun,bledamunk4@dmoz.org,Male,156.31.2.110
726,Carol,Jobe,cjobek5@addtoany.com,Female,150.151.92.0
727,Harvey,Sargint,hsargintk6@hibu.com,Male,143.246.220.204
728,Desirae,Ville,dvillek7@alibaba.com,Female,16.194.137.204
729,Desiree,Snaith,dsnaithk8@newsvine.com,Female,125.87.202.73
730,Michaella,Baysting,mbaystingk9@yellowbook.com,Female,
731,Glenna,Yakovich,gyakovichka@foxnews.com,Female,
732,Jonathan,Jennings,jjenningskb@lycos.com,Male,60.180.40.124
733,Gerrie,Renshell,grenshellkc@vkontakte.ru,Female,196.16.179.212
734,Lucio,Goford,lgofordkd@cbc.ca,Male,104.91.49.227
735,Eleanora,Bonafant,ebonafantke@acquirethisname.com,Female,208.138.160.2
736,Haskel,Fant,hfantkf@zimbio.com,Male,
737,Cissiee,Gergler,cgerglerkg@va.gov,Female,192.121.116.117
738,Matilde,Staples,mstapleskh@who.int,Female,68.29.177.64
739,Bondie,Kemmons,bkemmonski@com.com,Male,134.25.255.183
740,Rivi,Campagne,rcampagnekj@mlb.com,Agender,39.112.131.231
741,Karia,Haslegrave,khaslegravekk@epa.gov,Female,
742,Cory,Isenor,cisenorkl@chronoengine.com,Male,158.16.94.218
743,Clive,Jaeggi,cjaeggikm@eepurl.com,Male,
744,Perry,Le Breton De La Vieuville,plebretondelavieuvillekn@scientificamerican.com,Female,124.213.77.147
745,Aubine,Van de Vlies,avandevliesko@bloglovin.com,,96.46.169.84
746,Nico,Stoad,nstoadkp@mozilla.com,Male,
747,Hartwell,Sloley,hsloleykq@jiathis.com,Male,
748,Chryste,Manneville,cmannevillekr@constantcontact.com,Female,114.20.18.239
749,Dennie,Allanby,dallanbyks@nationalgeographic.com,Female,255.224.108.39
750,Dwight,Gladdolph,dgladdolphkt@hexun.com,Male,200.117.97.189
751,Olimpia,Henworth,ohenworthku@feedburner.com,Female,199.52.100.1
752,Alonso,Biasetti,abiasettikv@jiathis.com,Male,11.157.203.85
753,Lindsey,Robroe,lrobroekw@barnesandnoble.com,Female,61.224.61.214
754,Bamby,Beckley,bbeckleykx@cam.ac.uk,Female,237.24.118.182
755,Corey,Dumbrall,cdumbrallky@lulu.com,Female,246.24.179.156
756,Dusty,Folling,dfollingkz@51.la,,
757,Merci,Puttock,mputtockl0@surveymonkey.com,Agender,236.21.112.34
758,Willem,Fuentes,wfuentesl1@skyrock.com,Male,86.194.75.209
759,Lexie,Musslewhite,lmusslewhitel2@topsy.com,Female,96.85.40.224
760,Jerrilee,Dressel,jdressell3@webnode.com,Female,76.156.213.172
761,Bentley,Gallichiccio,bgallichicciol4@hostgator.com,Male,20.209.171.70
762,Kally,Mendonca,kmendoncal5@histats.com,Female,101.73.41.149
763,Elaina,Schimmang,eschimmangl6@ucla.edu,Non-binary,101.192.17.125
764,Anallise,Devey,adeveyl7@shutterfly.com,Bigender,218.54.216.77
765,Hillery,Vahey,hvaheyl8@google.com.au,,53.156.141.200
766,Filippo,MacCallister,fmaccallisterl9@wufoo.com,Male,49.104.173.20
767,Pepito,Mantrup,pmantrupla@diigo.com,Male,6.135.146.105
768,Manfred,Lundie,mlundielb@odnoklassniki.ru,Male,106.135.6.16
769,Carolynn,Coggles,ccoggleslc@intel.com,Female,24.162.131.33
770,Marrilee,Pietroni,mpietronild@arizona.edu,,202.215.140.140
771,Cob,Weagener,cweagenerle@constantcontact.com,Male,24.112.166.203
772,Dyana,Bland,dblandlf@google.nl,,
773,Seward,Bissill,sbissilllg@google.fr,Male,20.15.170.153
774,Roseanne,Franciskiewicz,rfranciskiewiczlh@nasa.gov,Female,
775,Sarene,Leyland,sleylandli@github.com,Female,18.128.16.91
776,Desmund,Messer,dmesserlj@tinypic.com,Male,47.8.101.242
777,Reynard,Doust,rdoustlk@mlb.com,Male,242.27.143.74
778,Hermy,Hakonsson,hhakonssonll@hostgator.com,Male,102.103.155.6
779,Carmelita,Tidcombe,ctidcombelm@wiley.com,Female,11.113.137.75
780,Stevana,Doumerque,sdoumerqueln@scribd.com,Female,
781,Rosamond,Rosas,rrosaslo@deviantart.com,Female,159.110.124.39
782,Ddene,Piller,dpillerlp@intel.com,Female,35.233.118.206
783,Putnam,Sketh,pskethlq@businessinsider.com,Male,25.168.103.183
784,Nadeen,Ninnoli,nninnolilr@tinypic.com,Female,126.148.218.37
785,Darren,Sibary,dsibaryls@wufoo.com,Male,9.46.103.104
786,Danette,Bridgman,dbridgmanlt@slashdot.org,Female,214.249.235.80
787,Kaitlin,Facer,kfacerlu@plala.or.jp,Female,
788,Renae,Absalom,rabsalomlv@europa.eu,,58.89.5.231
789,Konstantine,Hinks,khinkslw@wikispaces.com,Male,103.104.110.247
790,Karlens,Wharlton,kwharltonlx@cam.ac.uk,Male,227.86.9.163
791,Darb,Magog,dmagogly@toplist.cz,Male,109.185.227.80
792,Daron,Downes,ddowneslz@eventbrite.com,Female,146.72.162.247
793,Marchelle,Brierly,mbrierlym0@jugem.jp,,123.246.109.8
794,Inesita,MacCallion,imaccallionm1@harvard.edu,,224.126.107.211
795,Orelia,Ruddle,oruddlem2@bravesites.com,Female,130.29.251.32
796,Marcus,Bowkley,mbowkleym3@flavors.me,Male,74.196.93.251
797,Merrick,Prott,mprottm4@wsj.com,Male,125.237.195.187
798,Siana,Pointer,spointerm5@ebay.com,Female,109.52.30.66
799,Judye,Pitman,jpitmanm6@buzzfeed.com,Female,49.92.24.150
800,Juliet,Cuardall,jcuardallm7@cbsnews.com,Female,176.209.95.132
801,Quill,Wafer,qwaferm8@macromedia.com,Male,192.151.179.152
802,Nixie,Dillet,ndilletm9@facebook.com,Female,175.132.149.72
803,Reinaldos,Ovendon,rovendonma@buzzfeed.com,Male,102.3.228.86
804,Sterne,Landis,slandismb@shop-pro.jp,Male,82.214.228.129
805,Artair,Easen,aeasenmc@house.gov,Male,84.78.225.208
806,Ailene,Crunkhorn,acrunkhornmd@statcounter.com,,30.4.133.11
807,Christian,Cartledge,ccartledgeme@cnet.com,,206.63.136.62
808,Ber,Poutress,bpoutressmf@hubpages.com,,39.46.163.241
809,Frazer,Wardroper,fwardropermg@ning.com,Male,60.29.129.67
810,Emlynne,Castagnasso,ecastagnassomh@blinklist.com,Female,249.87.155.220
811,Westbrook,Aubin,waubinmi@mtv.com,Male,
812,Guthrie,Volett,gvolettmj@unicef.org,,181.16.178.244
813,Silvano,Simic,ssimicmk@phpbb.com,Male,129.68.216.229
814,Rutledge,Maddyson,rmaddysonml@foxnews.com,Male,214.142.56.74
815,Amandi,Tinman,atinmanmm@businesswire.com,,90.211.94.89
816,Bertie,Ginger,bgingermn@blogger.com,Female,119.54.212.89
817,Lockwood,Abley,lableymo@bloomberg.com,Male,36.111.199.223
818,Marjorie,Edmonston,medmonstonmp@blinklist.com,Female,86.126.165.245
819,Florida,McCormack,fmccormackmq@discuz.net,Female,72.80.99.129
820,Malvina,Lindeberg,mlindebergmr@engadget.com,Female,222.96.51.126
821,Ingaborg,Pietrzak,ipietrzakms@patch.com,Female,35.255.136.57
822,Braden,Abrahamson,babrahamsonmt@google.pl,Male,38.8.55.62
823,Becka,Leuty,bleutymu@newyorker.com,Female,198.182.130.236
824,Warner,Olensby,wolensbymv@youtube.com,Male,231.30.87.161
825,Pierce,Downe,pdownemw@weibo.com,Male,154.150.249.67
826,Tiffanie,Imlock,timlockmx@usgs.gov,Female,42.167.17.171
827,Sigfrid,Dudson,sdudsonmy@dion.ne.jp,Male,178.178.74.41
828,Norri,Antushev,nantushevmz@bravesites.com,Female,229.173.168.147
829,Nickolas,Filoniere,nfilonieren0@google.com.hk,Male,231.87.156.131
830,Bond,Stellin,bstellinn1@liveinternet.ru,Male,231.179.32.40
831,Danice,Calan,dcalann2@youtu.be,Female,87.39.94.152
832,Merv,Seth,msethn3@symantec.com,Male,53.61.220.1
833,Walther,Oxbrow,woxbrown4@t.co,Male,200.214.130.94
834,Clyde,Gellan,cgellann5@instagram.com,Male,223.87.0.141
835,Shepard,Scranedge,sscranedgen6@jimdo.com,Male,24.25.176.159
836,Sharlene,Fisbey,sfisbeyn7@mapy.cz,Female,219.208.205.125
837,Reta,Astle,rastlen8@tiny.cc,Female,81.211.122.118
838,Myrta,Sea,msean9@yellowpages.com,Female,44.141.0.215
839,Kimberli,Barras,kbarrasna@privacy.gov.au,,126.243.16.38
840,Tybie,Nipper,tnippernb@google.it,Agender,200.140.63.75
841,Filip,McGrayle,fmcgraylenc@drupal.org,Male,13.83.218.118
842,Isidore,Glison,iglisonnd@newsvine.com,Polygender,176.54.91.193
843,Perla,McMillian,pmcmillianne@msu.edu,Female,
844,Merrel,Hayton,mhaytonnf@instagram.com,Male,236.253.20.255
845,Eleni,Furlow,efurlowng@indiatimes.com,Female,173.94.234.1
846,Ingeberg,Jeste,ijestenh@forbes.com,Female,
847,Malcolm,Cordeix,mcordeixni@51.la,Male,
848,Dalli,Cackett,dcackettnj@mac.com,Male,163.68.243.191
849,Norby,Dayborne,ndaybornenk@webeden.co.uk,Male,
850,Sal,Edie,sedienl@bbc.co.uk,Male,213.90.206.69
851,Booth,Griswaite,bgriswaitenm@psu.edu,Bigender,103.154.67.89
852,Brenda,Maddock,bmaddocknn@ted.com,Female,
853,Jarrad,Millard,jmillardno@netscape.com,Male,93.152.174.2
854,Franchot,Gilhooley,fgilhooleynp@unicef.org,Male,33.76.64.119
855,Sibylla,Beardwell,sbeardwellnq@ifeng.com,Female,78.221.6.193
856,Dane,Bratten,dbrattennr@mozilla.com,Male,16.10.101.216
857,Meris,Virgin,mvirginns@yelp.com,Female,197.231.30.189
858,Alli,Meininking,ameininkingnt@cloudflare.com,Female,
859,Giulio,Swindon,gswindonnu@godaddy.com,Male,88.51.12.131
860,Dorrie,Hayman,dhaymannv@networksolutions.com,Female,215.223.57.190
861,Agustin,Costley,acostleynw@indiegogo.com,,68.22.244.35
862,Erika,Castanho,ecastanhonx@unesco.org,Female,197.7.119.32
863,Lindsay,Ackenhead,lackenheadny@macromedia.com,Agender,149.160.123.125
864,Beret,Leicester,bleicesternz@usa.gov,Female,129.252.143.15
865,Hedvige,Navarijo,hnavarijoo0@liveinternet.ru,Female,218.90.99.79
866,Rollin,Mulvey,rmulveyo1@google.de,Male,68.40.130.186
867,Salvidor,Befroy,sbefroyo2@ow.ly,Male,214.146.238.183
868,Giff,Sherlaw,gsherlawo3@macromedia.com,Male,99.187.88.227
869,Dud,Nuss,dnusso4@infoseek.co.jp,Male,127.127.133.213
870,Bianka,Charlo,bcharloo5@fc2.com,Female,205.141.161.22
871,Bealle,Dawson,bdawsono6@usa.gov,Male,
872,Lenard,Sterke,lsterkeo7@amazon.com,Male,216.123.220.50
873,Denis,Gosenell,dgosenello8@java.com,Male,160.215.125.218
874,Barnabas,Hurdle,bhurdleo9@noaa.gov,Male,134.249.89.185
875,Ilysa,Conachie,iconachieoa@goo.ne.jp,Female,221.80.70.214
876,Suzann,Chatto,schattoob@rakuten.co.jp,Female,225.170.125.106
877,Peri,Gittings,pgittingsoc@dmoz.org,Female,
878,Raphaela,Worton,rwortonod@angelfire.com,Female,254.172.104.73
879,Brantley,Storek,bstorekoe@boston.com,Male,121.221.9.227
880,Shane,Andrus,sandrusof@eepurl.com,,26.246.99.63
881,Isadore,Wallicker,iwallickerog@army.mil,,128.96.215.125
882,Briano,Donneely,bdonneelyoh@japanpost.jp,Male,199.8.29.115
883,Jarrad,Golley,jgolleyoi@posterous.com,Male,233.41.133.208
884,Darrin,Mahmood,dmahmoodoj@patch.com,Male,80.243.21.232
885,Christiano,Jailler,cjaillerok@ucoz.com,Male,62.223.187.223
886,Alejoa,Bouts,aboutsol@archive.org,Male,242.168.84.213
887,Raimund,Bastistini,rbastistiniom@reference.com,Male,12.77.26.14
888,Mozes,Filipponi,mfilipponion@studiopress.com,,27.30.7.79
889,Lowrance,Cordingly,lcordinglyoo@disqus.com,Male,60.41.53.126
890,Morty,Thewlis,mthewlisop@loc.gov,Male,45.207.93.174
891,Lorrin,McMenemy,lmcmenemyoq@github.com,Female,236.23.112.146
892,Isaiah,Eskrick,ieskrickor@1688.com,Male,17.205.79.122
893,Avigdor,Yokel,ayokelos@blogger.com,Male,86.157.126.91
894,Berty,Raisbeck,braisbeckot@joomla.org,Female,59.220.56.148
895,Tricia,Ranns,trannsou@nyu.edu,Female,190.104.241.110
896,Melony,Kubin,mkubinov@ted.com,,117.18.190.127
897,Lou,Climo,lclimoow@bandcamp.com,Male,201.225.88.137
898,Dayle,O'Corren,docorrenox@tuttocitta.it,Female,130.99.19.39
899,Nike,Suttle,nsuttleoy@fema.gov,Female,170.2.19.107
900,Matty,Yurshev,myurshevoz@illinois.edu,Female,113.186.114.251
901,Kristos,Husby,khusbyp0@redcross.org,,119.142.97.115
902,Jamesy,Maxwell,jmaxwellp1@tinyurl.com,Male,106.203.225.186
903,Stefanie,Brafield,sbrafieldp2@patch.com,Female,210.199.36.123
904,Ruthe,Hancock,rhancockp3@nydailynews.com,Female,68.77.133.211
905,Annadiane,Sell,asellp4@123-reg.co.uk,Female,163.1.244.32
906,Shelley,Wastling,swastlingp5@aboutads.info,,84.112.209.203
907,Mathian,Esposi,mesposip6@google.fr,Male,
908,Jammie,Petyakov,jpetyakovp7@ucla.edu,Female,177.89.176.17
909,Seline,Dulieu,sdulieup8@redcross.org,Female,2.35.87.243
910,Teador,O'Heaney,toheaneyp9@java.com,Male,217.182.112.97
911,Terri,Strangwood,tstrangwoodpa@google.it,Male,175.93.166.168
912,Bertrand,Buttery,bbutterypb@dedecms.com,Male,81.224.143.68
913,Annalise,Arnell,aarnellpc@ihg.com,,152.243.136.246
914,Nolly,Penticoot,npenticootpd@unicef.org,Male,110.109.216.18
915,Barbette,Sharp,bsharppe@google.cn,Female,245.218.89.179
916,Vevay,Parslow,vparslowpf@weebly.com,Female,17.51.6.15
917,Carroll,Ladyman,cladymanpg@diigo.com,Female,228.0.99.251
918,Gayle,Kluger,gklugerph@abc.net.au,,220.43.53.104
919,Dacia,Lamblin,dlamblinpi@wikimedia.org,Female,198.35.237.163
920,Gisele,Fahy,gfahypj@businessweek.com,Female,32.109.70.14
921,Mack,Andover,mandoverpk@usda.gov,Male,162.187.87.230
922,Michell,Kubis,mkubispl@si.edu,Genderfluid,101.94.23.204
923,Susie,O'Boyle,soboylepm@about.me,Bigender,86.132.98.90
924,Rhea,Whannel,rwhannelpn@nih.gov,Female,179.49.236.215
925,Jeffie,Heaseman,jheasemanpo@bizjournals.com,Genderqueer,
926,Gilberto,Sammes,gsammespp@constantcontact.com,Male,156.122.49.159
927,Marianne,Mawne,mmawnepq@a8.net,Female,223.33.244.255
928,Moise,Madner,mmadnerpr@census.gov,Male,137.239.103.153
929,Hermia,Tregale,htregaleps@nytimes.com,Female,152.101.166.203
930,Jozef,Lyness,jlynesspt@kickstarter.com,Male,220.178.122.232
931,Katti,Cuddon,kcuddonpu@youtu.be,Female,17.119.56.89
932,Sigismund,Bolley,sbolleypv@usgs.gov,Male,192.177.128.236
933,Gordie,Chamberlaine,gchamberlainepw@bbc.co.uk,Male,193.87.136.94
934,Cacilia,Jurgensen,cjurgensenpx@bandcamp.com,Female,127.163.126.147
935,Betsy,Dillaway,bdillawaypy@shop-pro.jp,Female,192.180.237.239
936,Henderson,Chattoe,hchattoepz@desdev.cn,Male,30.152.197.65
937,Olin,McMeanma,omcmeanmaq0@bloglines.com,Male,233.67.212.219
938,Slade,Dillistone,sdillistoneq1@gnu.org,Male,0.87.54.228
939,Fey,Addams,faddamsq2@tripod.com,Female,40.158.119.59
940,Hartwell,Clearley,hclearleyq3@over-blog.com,Male,132.149.92.134
941,Corbet,Riolfo,criolfoq4@fotki.com,Male,117.241.201.148
942,Judye,Towl,jtowlq5@loc.gov,,7.20.52.125
943,Erastus,Curr,ecurrq6@guardian.co.uk,,49.31.99.48
944,Welby,Broadbridge,wbroadbridgeq7@furl.net,Male,192.103.47.2
945,Fidela,Ponton,fpontonq8@utexas.edu,Female,26.180.58.196
946,Valry,Caraher,vcaraherq9@hibu.com,Female,27.119.156.0
947,Carroll,Garwell,cgarwellqa@psu.edu,Male,169.34.87.192
948,Cordy,Passey,cpasseyqb@cam.ac.uk,Male,54.86.176.41
949,Van,Sims,vsimsqc@facebook.com,Agender,132.155.79.132
950,Maddy,Portam,mportamqd@google.co.jp,Male,18.101.219.2
951,Jammal,Keogh,jkeoghqe@amazonaws.com,Male,224.104.41.0
952,Trumaine,Pires,tpiresqf@linkedin.com,,125.164.235.37
953,Margareta,Jolliff,mjolliffqg@ehow.com,Female,249.10.161.126
954,Avigdor,Sherbrooke,asherbrookeqh@infoseek.co.jp,Male,155.193.11.124
955,Eleanore,Greatrakes,egreatrakesqi@zimbio.com,Female,167.216.236.206
956,Cordy,Vernau,cvernauqj@seattletimes.com,Male,76.234.130.64
957,Duane,Croydon,dcroydonqk@weibo.com,Male,164.74.87.167
958,Barris,Hatley,bhatleyql@hc360.com,Male,223.185.117.107
959,Pansy,Benoiton,pbenoitonqm@gov.uk,,243.238.174.185
960,Jami,Dingley,jdingleyqn@illinois.edu,Female,142.149.114.23
961,Horton,Darrigrand,hdarrigrandqo@accuweather.com,Male,
962,Kylie,Skermer,kskermerqp@unc.edu,,207.34.251.108
963,Lonnie,Murkitt,lmurkittqq@gmpg.org,Male,234.106.188.131
964,Vachel,McBoyle,vmcboyleqr@yellowbook.com,Male,62.44.98.66
965,Beverie,Speaks,bspeaksqs@fotki.com,Female,160.45.59.175
966,Skelly,Gorman,sgormanqt@multiply.com,Male,240.208.102.129
967,Borden,Gaylard,bgaylardqu@woothemes.com,Male,44.51.140.60
968,Norri,McRory,nmcroryqv@cdc.gov,Female,237.172.232.100
969,Damian,Treharne,dtreharneqw@studiopress.com,Male,253.118.233.197
970,Stormie,Grafton,sgraftonqx@paypal.com,Female,9.153.23.42
971,Wylie,Limeburn,wlimeburnqy@topsy.com,Male,173.32.66.243
972,Orsa,Spring,ospringqz@howstuffworks.com,Female,239.5.172.240
973,Randy,Dollar,rdollarr0@wordpress.org,Female,193.152.211.157
974,Nevile,Raise,nraiser1@blogs.com,Male,74.197.80.115
975,Harry,Littlejohn,hlittlejohnr2@etsy.com,,26.51.48.105
976,Sanford,Yacob,syacobr3@github.io,Male,76.124.112.149
977,Gabriele,Houdmont,ghoudmontr4@sourceforge.net,Male,249.101.23.179
978,Milka,Morritt,mmorrittr5@deliciousdays.com,Female,11.58.244.152
979,Tris,Froschauer,tfroschauerr6@about.com,Male,29.255.176.209
980,Tait,Mityushin,tmityushinr7@google.com.br,Male,245.68.59.80
981,Cornelius,Hallsworth,challsworthr8@bloomberg.com,Male,104.177.98.25
982,Elsi,Carder,ecarderr9@statcounter.com,Female,157.96.251.86
983,Zorine,Kleinstern,zkleinsternra@istockphoto.com,Female,26.98.175.147
984,Minetta,Ellingham,mellinghamrb@slate.com,Female,47.73.184.190
985,Cecilius,Meeland,cmeelandrc@stanford.edu,Male,218.253.160.127
986,Catharina,Warmisham,cwarmishamrd@mysql.com,,152.56.89.182
987,Gaby,McComiskey,gmccomiskeyre@europa.eu,,
988,Kasey,Saul,ksaulrf@alibaba.com,Female,167.6.47.36
989,Isaak,Castanaga,icastanagarg@bing.com,Male,
990,Web,Eayrs,weayrsrh@slate.com,Male,67.21.14.153
991,Saidee,Gullyes,sgullyesri@woothemes.com,Female,7.210.58.70
992,Meade,Dobinson,mdobinsonrj@lulu.com,Male,76.71.27.205
993,Ephrem,Hammor,ehammorrk@freewebs.com,Male,125.86.70.56
994,Matthieu,Piccard,mpiccardrl@flickr.com,Male,
995,Portia,Sutterby,psutterbyrm@twitpic.com,Female,51.221.215.55
996,Kinnie,Bloan,kbloanrn@unblog.fr,Male,236.185.119.149
997,Lauryn,Cadle,lcadlero@paypal.com,Female,113.204.21.245
998,Gardie,McEneny,gmcenenyrp@barnesandnoble.com,Male,63.62.59.111
999,Christiano,Jallin,cjallinrq@berkeley.edu,Male,39.133.132.224
1000,Eliot,Stack,estackrr@stanford.edu,Male,55.108.240.245
